[
  {
    "id": 1,
    "title": "交互艺术作品",
    "author": "作者A",
    "category": "交互",
    "description": "这是一个非常有趣的交互艺术作品。",
    "image": "/images/project1.jpg",
    "details": {
      "process": "创作过程描述",
      "tech": "P5.js, Three.js",
      "externalLink": "https://example.com/project1"
    }
  },
  {
    "id": 2,
    "title": "生成艺术案例",
    "author": "作者B",
    "category": "生成艺术",
    "description": "这是一个生成艺术的案例展示。",
    "image": "/images/project2.jpg",
    "details": {
      "process": "创作过程描述",
      "tech": "Processing",
      "externalLink": "https://example.com/project2"
    }
  }
]